title,content
Hippopotamus amphibius,Upgradable mission-critical Graphical User Interface
Haliaeetus leucocephalus,Programmable disintermediate database
Ara chloroptera,Triple-buffered zero defect support
Panthera leo persica,Cross-group fault-tolerant initiative
Nasua narica,Customizable clear-thinking moratorium
Otaria flavescens,Profound composite structure
Phalaropus lobatus,Synchronised web-enabled archive
Varanus sp.,Operative responsive throughput
Irania gutteralis,Right-sized zero tolerance internet solution
Eutamias minimus,Balanced incremental adapter
Tockus erythrorhyncus,Team-oriented stable knowledge base
Dicrurus adsimilis,Function-based national local area network
Neotis denhami,Innovative zero administration secured line
Arctogalidia trivirgata,Diverse actuating matrix
Butorides striatus,Upgradable national algorithm
Paradoxurus hermaphroditus,Self-enabling systemic superstructure
Actophilornis africanus,User-friendly 3rd generation moratorium
Threskionis aethiopicus,Face to face zero defect matrices
Neophron percnopterus,Public-key leading edge capability
Alligator mississippiensis,Multi-channelled coherent implementation
Dolichitus patagonum,Profound even-keeled policy
Bettongia penicillata,Self-enabling uniform ability
Larus fuliginosus,Enhanced global strategy
Spheniscus magellanicus,
Macropus robustus,Public-key client-server installation
Sarcorhamphus papa,Pre-emptive methodical forecast
Nycticorax nycticorax,
Castor fiber,De-engineered object-oriented algorithm
Crax sp.,Mandatory homogeneous extranet
Scolopax minor,Synergized bifurcated flexibility
Otaria flavescens,Customizable interactive task-force
Callipepla gambelii,Optional bi-directional hierarchy
unavailable,
Speothos vanaticus,Vision-oriented full-range approach
Oxybelis sp.,Public-key executive core
Herpestes javanicus,Inverse secondary service-desk
Sus scrofa,Automated zero administration groupware
Columba palumbus,Reactive interactive capacity
Loris tardigratus,Re-engineered composite definition
Vulpes chama,Cross-group multimedia leverage
Aepyceros mylampus,Pre-emptive analyzing flexibility
Dendrocitta vagabunda,Seamless multi-state complexity
Phalaropus lobatus,Front-line zero administration framework
Chauna torquata,Synergized tertiary data-warehouse
Sceloporus magister,Face to face static support
Ovis ammon,Configurable 4th generation collaboration
Anas bahamensis,Team-oriented zero administration interface
Dendrocygna viduata,Implemented 24/7 support
Pteronura brasiliensis,Enterprise-wide leading edge local area network
Papio cynocephalus,Streamlined upward-trending implementation
unavailable,Re-contextualized multi-tasking policy
Diomedea irrorata,Visionary logistical capability
Hippotragus niger,Managed heuristic archive
Dacelo novaeguineae,Monitored next generation strategy
Vulpes vulpes,
Sceloporus magister,Exclusive 4th generation collaboration
Haematopus ater,Synchronised contextually-based analyzer
Orcinus orca,Devolved holistic function
Macropus robustus,Cross-group intangible hierarchy
Acrobates pygmaeus,Front-line intangible ability
Felis caracal,Horizontal homogeneous matrices
Ardea cinerea,Triple-buffered transitional monitoring
Casmerodius albus,Open-source clear-thinking complexity
Lorythaixoides concolor,Function-based attitude-oriented adapter
Aonyx cinerea,Polarised secondary info-mediaries
Larus dominicanus,Horizontal web-enabled protocol
Coluber constrictor,De-engineered context-sensitive knowledge base
Leptoptilus dubius,Innovative demand-driven hierarchy
Tiliqua scincoides,Enterprise-wide methodical service-desk
Equus burchelli,Synchronised content-based architecture
Damaliscus dorcas,Intuitive solution-oriented superstructure
Bassariscus astutus,Future-proofed multi-state internet solution
Hymenolaimus malacorhynchus,Object-based incremental support
Stercorarius longicausus,Visionary homogeneous service-desk
Acrobates pygmaeus,Reverse-engineered didactic pricing structure
Bugeranus caruncalatus,Focused client-driven synergy
Trichosurus vulpecula,
Cebus apella,Ergonomic executive adapter
Alectura lathami,Mandatory 24/7 portal
Spizaetus coronatus,Mandatory 6th generation migration
Gopherus agassizii,Decentralized executive help-desk
Corvus albus,Integrated heuristic hub
Coendou prehensilis,Operative responsive artificial intelligence
Dusicyon thous,Integrated upward-trending time-frame
Pavo cristatus,
Phoca vitulina,Up-sized global architecture
Macropus eugenii,Public-key directional architecture
Cercatetus concinnus,Upgradable eco-centric Graphical User Interface
unavailable,Switchable asynchronous leverage
Aonyx cinerea,Sharable national open system
Equus burchelli,Devolved zero administration info-mediaries
Acridotheres tristis,Stand-alone grid-enabled task-force
Hyaena brunnea,Sharable fault-tolerant complexity
Falco peregrinus,Realigned maximized project
Panthera leo,Implemented discrete interface
Varanus salvator,Advanced maximized emulation
Spizaetus coronatus,Fully-configurable mission-critical benchmark
Hippotragus niger,Synergistic tangible groupware
Vanellus chilensis,Triple-buffered multi-state success
Larus fuliginosus,
